claim_id,claim,theorem_or_section,proof,checker_or_test,raw_result,figure_or_table,maturity,fresh_recheck
C01,Corner maximizers and independent-stamp versus cohort identity,lem:corners; sec:model,proofs/theory.pdf,tests/validate.py:stamp_tests; direct_copy,negative_controls; direct_copy,none,proved; finite-checked,expanded clean-extraction exact recheck passed
C02,Sharp one- and two-stamp factors,thm:sharp12; lem:symmetrize; lem:antipodal,proofs/theory.pdf,sharp_tests; two_stamp_tests,sharp; random_cases; sharp_two; random_two; zero_radius_boundaries,Figure 1,proved; finite-checked,expanded clean-extraction exact recheck passed
C03,"Sharp arbitrary fixed k,r variational factor",thm:generalK; lem:sampling,proofs/theory.pdf,general palette and sampling checks,general_palette_evaluations; general_sampling,none,proved; finite-checked in declared special cases,source calibration and expanded exact recheck passed
C04,Support-two three/four/five-stamp constants and finite complete-pair formulas,thm:supporttwo; eq:finitepatterns; eq:finiteMr,proofs/theory.pdf,palette multiplicity enumeration; direct stamp-tuple oracle; five-stamp spectral checks,palette_extrema; palette_random; palette_direct; five_stamp_structure,Figure 1,"proved; 33 multiplicity extrema, 8 direct cases, and 39 constructions finite-checked","r=2..4,d=2..10; r=5,d=2..7; direct d=2,3; exact L(K5) ranks and constructions d=2..40"
C05,Finite-grid interval certificate and strict noncollapse,sec:sharp certified finite-grid intervals; prop:noncollapse; prop:coveragebeta,proofs/theory.pdf,tests/variational.py,variational_grids,none,proved; 22 finite grid checks,r=1..5 grid intervals and reciprocal directions passed clean exact run
C06,Exact conflict-coloring threshold and weighted deficits,thm:chromatic; thm:deficit; prop:colorlimit,proofs/theory.pdf,stamp/deletion/covering tests,stamps; deletion; covering; covering_minima,none,proved; finite-checked; classical covering precedents attributed,clean-extraction exact recheck passed
C07,Fixed-radius support-two coNP-complete safety,thm:hardness,proofs/theory.pdf,maxcut_tests,maxcut,Table 1,"proved; 1,099 finite identity checks",clean-extraction exact recheck passed
C08,Separator certificate soundness/completeness for a supplied decomposition,thm:DP; thm:certificate; prop:rounding,proofs/theory.pdf,src/checker.py; certificate tests; independent direct cube oracle,certificate_model.json; certificate.json; certificate_oracles; rejected_mutations,none,proved; exact checker finite-checked in 72 independent-oracle cases; no decomposition-construction claim,72 constructor/checker/direct-enumeration cases plus mutation and boundary tests passed
C09,Safe common attenuation and serialized two-phase transition,prop:radial; thm:transition,proofs/theory.pdf,transition tests; tests/control_pipeline.py; tests/correlated_pipeline.py,transitions; control_pipeline.json; correlated_pipeline.json,Table 1,"proved; 7,404 order checks plus both finite command pipelines","7,404 orders, 4,608 delayed-pipeline states, and 65,536 correlation-aware states rechecked"
C10,Sufficient delayed dual contraction and decreasing errors,lem:dualcontraction; thm:async; prop:decreasing,proofs/theory.pdf,contraction tests; tests/control_pipeline.py,contraction; control_pipeline.json,Figure 2,proved; finite-checked; not necessary stability conditions,clean-extraction exact recheck passed
C11,Rate/utility transfer and vanishing filtering,thm:transfer; prop:vanishingfilter,proofs/theory.pdf,tests/control_pipeline.py,control_pipeline.json,Figure 2,proved; coordinate bounds finite-checked,clean-extraction exact recheck passed
C12,Independent price clipping can violate coherent capacity,sec:model clipping counterexample,proofs/theory.pdf,tests/validate.py:run_all,clipping_negative_control,none,proved by exact arithmetic; finite-checked,clean-extraction exact recheck passed
C13,Closest-work object and quantifier boundaries,sec:intro relation to earlier work; sec:discussion,proofs/theory.pdf,literature_calibration.csv; external_resources.csv,56 cited scholarly sources; 23-source full-text core plus supplementary source-level calibration,none,source-calibrated interpretive claim; every bibliography item cited; direct safe-pricing and delayed learning-NUM comparators included; not an exhaustive-universe proof,"56/56 BibTeX keys cited; external-resource, reference-manifest, and literature ledgers reconciled"
C14,Resource measurement and deterministic reproduction,sec:evidence,README.md; reproduce.py,clean-extraction commands,run_metrics.json; reproduction_record.json,Table 1,measured; not complexity or deployment evidence,"clean extraction exact comparison, both certificate controls, figure regeneration, 41-page rebuild, and page render inspection passed"
C15,All-stamp support-two sandwich and exponential approach to one,cor:allr2; prop:noncollapse; thm:supporttwo,proofs/theory.pdf,tests/variational.py:run_support_two_sandwich,support_two_sandwich,Table 1,proved; 15 exact construction and bound checks for r=4..8,"canonical qualitative-independence columns checked exactly; upper bound agrees with exact formulas at r=4,5"
C16,Dimension-free approximate recovery versus logarithmic exact saturation for support two,cor:approx-saturation; cor:allr2; sec:stamps,proofs/theory.pdf,support-two sandwich and covering-array construction checks,support_two_sandwich; covering; covering_minima,none,proved by inverting the all-stamp sandwich and the exact qualitative-independence threshold,asymptotic inversion and cross-references recompiled; finite supporting constructions rechecked
C17,Fixed-stamp exact-saturation complexity dichotomy: polynomial for r<=2 and NP-complete for every fixed r>=3,thm:saturation-complexity; thm:chromatic,proofs/theory.pdf,tests/validate.py:fixed_r_saturation_reduction_tests; stamp_tests,fixed_r_saturation_reductions; stamps,Table 1,proved; 225 reduction-construction cases finite-checked; NP-completeness not established by testing,"all graphs on 1..4 vertices with r=3,4,5; join equivalence, conflict identity, and radius bound passed"
C18,Three-stamp correlation advantage and unsafe unbarriered-mixing control,thm:supporttwo; eq:finiteMr; thm:transition; sec:evidence,proofs/theory.pdf,tests/correlated_pipeline.py; independent direct stamp-tuple oracle,correlated_pipeline.json,Table 1,exact finite-checked experiment; not deployment evidence,"512 stamp triples, 8 epochs, 65,536 intermediate states, M3=21, R=24, and overload control=24 passed"
C19,Bibliography identity and traceability,sec:intro; references,paper/audit_references.py; tests/reference_audit.py,references.bib; external_resources.csv; literature_calibration.csv,reference_manifest.csv; results/reference_audit.json,none,56 cited scholarly entries audited; metadata and HTTPS source records checked; source-level calibration retained,paper build and clean standalone reproduction both passed the independent reference audit
