name,url,license_or_rights,access_date,resource_type,acquisition_method,integration_mode,supported_claim,internals_modified,reading_status
Understanding Vegas: A Duality Model,https://doi.org/10.1145/506147.506152,publisher/author rights; not redistributed,2026-09-11,JACM article,author-hosted full PDF and publisher metadata,citation and calibration only,inverse-price/log-utility equilibrium; Vegas limitations,no,full text examined
Distributed Asynchronous Computation of Fixed Points,https://doi.org/10.1007/BF02591967,publisher/author rights; not redistributed,2026-09-11,scholarly article,author copy and publisher metadata,citation and calibration only,asynchronous contraction framework,no,substantive full-text examination
A Unified Framework for Primal-Dual Methods in Minimum Cost Network Flow Problems,https://doi.org/10.1007/BF01586087,publisher/author rights; not redistributed,2026-09-11,scholarly article,author copy and publisher metadata,citation and calibration only,historical network primal-dual framework,no,substantive full-text examination
Totally Asynchronous Primal-Dual Convex Optimization in Blocks,https://doi.org/10.1109/TCNS.2022.3203366,publisher/author rights; not redistributed,2026-09-11,IEEE TCNS article,accepted author version and publisher metadata,citation and calibration only,blockwise asynchronous convergence conditions,no,full text examined
Running Primal-Dual Gradient Method for Time-Varying Nonconvex Problems,https://doi.org/10.1137/20M1371063,publisher/author rights; not redistributed,2026-09-11,SICON article,author version and SIAM record,citation and calibration only,KKT tracking distinct from packing invariance,no,full text examined
Delay-Robust Primal-Dual Dynamics for Distributed Optimization,https://doi.org/10.1109/LCSYS.2026.3698431,publisher/author rights; not redistributed,2026-09-12,IEEE Control Systems Letters article,arXiv HTML and publisher metadata,citation and calibration only,different auxiliary-state delay mechanism,no,substantive full-text examination
The Primal-Dual Method for Learning Augmented Algorithms,https://arxiv.org/abs/2010.11632,publisher/author rights; not redistributed,2026-09-11,NeurIPS article,arXiv full text and proceedings metadata,citation and calibration only,prediction-aware competitive algorithms,no,substantive full-text examination
Faster and Simpler Algorithms for Multicommodity Flow and Other Fractional Packing Problems,https://doi.org/10.1137/S0097539704446232,publisher/author rights; not redistributed,2026-09-11,SICOMP article,publisher/author full article,citation and calibration only,fractional packing optimization baseline,no,full-text calibration
Some Simplified NP-Complete Graph Problems,https://doi.org/10.1016/0304-3975(76)90059-1,publisher/author rights; not redistributed,2026-09-12,TCS article,publisher/author full article,citation and calibration only,Max-Cut and coloring hardness source,no,full text examined
A Linear-Time Algorithm for Finding Tree-Decompositions of Small Treewidth,https://doi.org/10.1137/S0097539793251219,publisher/author rights; not redistributed,2026-09-11,SICOMP article,publisher/author full article,citation and calibration only,decomposition construction background,no,full-text calibration
Combinatorial Aspects of Covering Arrays,https://lematematiche.dmi.unict.it/index.php/lematematiche/article/view/166,publisher/author rights; not redistributed,2026-09-11,survey article,journal full text,citation and calibration only,covering-array terminology and background,no,full text examined; not counted as original influential paper
Maximum Shattering,https://doi.org/10.1002/jcd.22005,publisher/author rights; not redistributed,2026-09-11,Journal of Combinatorial Designs article,arXiv full HTML and publisher record,citation and calibration only,column-frequency Lagrangian precedent,no,full-text adjacent calibration
Fast Approximation Algorithms for Fractional Packing and Covering Problems,https://doi.org/10.1287/moor.20.2.257,publisher/author rights; not redistributed,2026-09-11,Mathematics of Operations Research article,full author/publisher article,citation and calibration only,foundational packing/covering framework,no,full-text influential calibration
Approximating Fractional Packings and Coverings in O(1/epsilon) Iterations,https://doi.org/10.1137/S0097539705447293,publisher/author rights; not redistributed,2026-09-11,SICOMP article,publisher/author full article,citation and calibration only,packing/covering oracle and iteration baseline,no,full-text calibration
Stateless Distributed Gradient Descent for Positive Linear Programs,https://doi.org/10.1137/080717651,publisher/author rights; not redistributed,2026-09-11,SICOMP article,publisher/author full article,citation and calibration only,feasibility-preserving distributed positive LP baseline,no,full-text calibration
On the Number of Iterations for Dantzig--Wolfe Optimization and Packing-Covering Approximation Algorithms,https://doi.org/10.1137/12087222X,publisher/author rights; not redistributed,2026-09-11,SICOMP article,publisher/author full article,citation and calibration only,iteration lower-bound boundary,no,full-text calibration
Families of k-Independent Sets,https://doi.org/10.1016/0012-365X(73)90098-8,publisher/author rights; not redistributed,2026-09-11,Discrete Mathematics article,full scholarly article,citation and calibration only,independent-family extremal background,no,full-text influential calibration
A Single-Exponential Time 2-Approximation Algorithm for Treewidth,https://doi.org/10.1137/22M147551X,publisher/author rights; not redistributed,2026-09-11,SICOMP article,arXiv full HTML/PDF and SIAM record,citation and calibration only,decomposition-construction comparison,no,full-text calibration
Fast FPT-Approximation of Branchwidth,https://doi.org/10.1137/22M153937X,publisher/author rights; not redistributed,2026-09-11,SICOMP article,arXiv full HTML/PDF and SIAM record,citation and calibration only,branchwidth construction comparison,no,full-text calibration
The All-or-Nothing Multicommodity Flow Problem,https://doi.org/10.1137/100796820,publisher/author rights; not redistributed,2026-09-11,SICOMP article,publisher/author full article,citation and calibration only,specialized routing model,no,full-text calibration
Multicommodity Flows and Cuts in Polymatroidal Networks,https://doi.org/10.1137/130906830,publisher/author rights; not redistributed,2026-09-11,SICOMP article,arXiv full HTML/PDF and SIAM record,citation and calibration only,flow/cut structure under submodular capacities,no,full-text calibration
Near-Optimal Distributed Maximum Flow,https://doi.org/10.1137/17M113277X,publisher/author rights; not redistributed,2026-09-11,SICOMP article,arXiv full paper and SIAM record,citation and calibration only,distributed flow/round-complexity comparison,no,full-text calibration
Exact Algorithms for Treewidth and Minimum Fill-In,https://doi.org/10.1137/050643350,publisher/author rights; not redistributed,2026-09-11,SICOMP article,publisher/author full article,citation and calibration only,exact decomposition algorithms,no,full-text calibration
Approximating Fractional Multicommodity Flow Independent of the Number of Commodities,https://doi.org/10.1137/S0895480199355754,publisher/author rights; not redistributed,2026-09-11,SIAM Journal on Discrete Mathematics article,publisher/author full article,citation and calibration only,commodity-independent approximation boundary,no,substantive full-text examination
Improved Approximation Guarantees for Packing and Covering Integer Programs,https://doi.org/10.1137/S0097539796314240,publisher/author rights; not redistributed,2026-09-11,SICOMP article,publisher record and full technical report,citation and calibration only,rounding/correlation comparison,no,full-text calibration
Finding Branch-Decompositions and Rank-Decompositions,https://doi.org/10.1137/070685920,publisher/author rights; not redistributed,2026-09-11,SICOMP article,publisher/author full article,citation and calibration only,decomposition algorithm comparison,no,full-text calibration
The Price of Robustness,https://doi.org/10.1287/opre.1030.0065,publisher/author rights; not redistributed,2026-09-11,Operations Research article,publisher/author full article,citation and calibration only,uncertainty-budget and conservatism language,no,substantive full-text examination
"Rate Control for Communication Networks: Shadow Prices, Proportional Fairness and Stability",https://doi.org/10.1057/palgrave.jors.2600523,publisher/author rights; not redistributed,2026-09-11,JORS article,full author/publisher article,citation and calibration only,network-utility and shadow-price lineage,no,full-text influential calibration
"Optimization Flow Control, I: Basic Algorithm and Convergence",https://doi.org/10.1109/90.811451,publisher/author rights; not redistributed,2026-09-11,IEEE/ACM TON article,full author/publisher article,citation and calibration only,distributed flow-control convergence lineage,no,full-text influential calibration
A Duality Model of TCP and Queue Management Algorithms,https://doi.org/10.1109/TNET.2003.815297,publisher/author rights; not redistributed,2026-09-11,IEEE/ACM networking article,author-hosted paper and publisher metadata,citation and calibration only,duality model of TCP and queue management,no,substantive full-text examination
Layering as Optimization Decomposition: A Mathematical Theory of Network Architectures,https://doi.org/10.1109/JPROC.2006.887322,publisher/author rights; not redistributed,2026-09-11,Proceedings of the IEEE article,publisher metadata and author-hosted paper,citation and calibration only,optimization decomposition and cross-layer architecture context,no,substantive full-text examination
A Tutorial on Decomposition Methods for Network Utility Maximization,https://doi.org/10.1109/JSAC.2006.879350,publisher/author rights; not redistributed,2026-09-11,IEEE tutorial article,publisher metadata and author-hosted paper,citation and calibration only,network-utility decomposition taxonomy,no,substantive full-text examination
Chaotic Relaxation,https://doi.org/10.1016/0024-3795(69)90028-7,publisher/author rights; not redistributed,2026-09-11,linear-algebra article,publisher metadata and scholarly record,citation and calibration only,classical chaotic-relaxation conditions,no,publisher metadata and abstract examined
Distributed Asynchronous Deterministic and Stochastic Gradient Optimization Algorithms,https://doi.org/10.1109/TAC.1986.1104412,publisher/author rights; not redistributed,2026-09-11,IEEE control article,publisher metadata and author-hosted record,citation and calibration only,asynchronous deterministic and stochastic gradient convergence,no,substantive full-text examination
Parallel and Distributed Computation: Numerical Methods,https://faculty.engineering.asu.edu/bertsekas/books/parallel-and-distributed-computation-numerical-methods/,publisher/author rights; not redistributed,2026-09-11,scholarly monograph,official author book page,citation and calibration only,classical asynchronous computation framework and terminology,no,official author record and selected relevant chapters examined
ARock: An Algorithmic Framework for Asynchronous Parallel Coordinate Updates,https://doi.org/10.1137/15M1024950,publisher/author rights; not redistributed,2026-09-11,SIAM scientific-computing article,SIAM metadata and author-hosted paper,citation and calibration only,asynchronous coordinate-update framework and delay assumptions,no,substantive full-text examination
Competitive Caching with Machine Learned Advice,https://proceedings.mlr.press/v80/lykouris18a.html,publisher/author rights; not redistributed,2026-09-11,ICML/PMLR article,official proceedings page and paper,citation and calibration only,robustness-consistency framing for learned advice in caching,no,official proceedings paper examined
Optimal Robustness-Consistency Trade-offs for Learning-Augmented Online Algorithms,https://proceedings.neurips.cc/paper/2020/hash/5bd844f11fa520d54fa5edec06ea2507-Abstract.html,publisher/author rights; not redistributed,2026-09-11,NeurIPS article,official proceedings page and paper,citation and calibration only,robustness-consistency lower and upper tradeoffs,no,official proceedings paper examined
Online Metric Algorithms with Untrusted Predictions,https://proceedings.mlr.press/v119/antoniadis20a.html,publisher/author rights; not redistributed,2026-09-11,ICML/PMLR article,official proceedings page and paper,citation and calibration only,metric online algorithms with untrusted predictions,no,official proceedings paper examined
Robust Convex Optimization,https://doi.org/10.1287/moor.23.4.769,publisher/author rights; not redistributed,2026-09-11,robust-optimization article,publisher metadata and scholarly record,citation and calibration only,robust convex optimization under common uncertainty,no,publisher metadata and substantive theorem-level examination
Finite Adaptability in Linear Optimization,https://doi.org/10.1109/TAC.2010.2049764,publisher/author rights; not redistributed,2026-09-11,IEEE control/optimization article,publisher metadata and author paper,citation and calibration only,finite adaptability under one realized uncertainty scenario,no,substantive full-text examination
K-Adaptability in Two-Stage Robust Binary Programming,https://doi.org/10.1287/opre.2015.1392,publisher/author rights; not redistributed,2026-09-11,Operations Research article,publisher metadata and author paper,citation and calibration only,K-adaptability for two-stage robust binary programs,no,substantive full-text examination
A Parallel Approximation Algorithm for Positive Linear Programming,https://doi.org/10.1145/167088.167211,publisher/author rights; not redistributed,2026-09-11,STOC proceedings article,ACM metadata and scholarly record,citation and calibration only,parallel approximation for positive linear programming,no,publisher metadata and paper examined
Sequential and Parallel Algorithms for Mixed Packing and Covering,https://doi.org/10.1109/SFCS.2001.959930,publisher/author rights; not redistributed,2026-09-11,FOCS proceedings article,IEEE metadata and author paper,citation and calibration only,mixed packing-covering algorithms,no,publisher metadata and paper examined
Using Optimization to Break the Epsilon Barrier: A Faster and Simpler Width-Independent Algorithm for Solving Positive Linear Programs in Parallel,https://doi.org/10.1137/1.9781611973730.95,publisher/author rights; not redistributed,2026-09-11,SODA proceedings article,SIAM proceedings metadata and author paper,citation and calibration only,width-independent parallel positive-LP algorithms,no,publisher metadata and paper examined
Vector Sets for Exhaustive Testing of Logic Circuits,https://doi.org/10.1109/18.6031,publisher/author rights; not redistributed,2026-09-11,IEEE information-theory article,publisher metadata and scholarly record,citation and calibration only,qualitative independence and exhaustive circuit-test sets,no,publisher metadata and theorem-level examination
Problems and Algorithms for Covering Arrays,https://doi.org/10.1016/j.disc.2003.11.029,publisher/author rights; not redistributed,2026-09-11,Discrete Mathematics article,publisher metadata and author paper,citation and calibration only,covering-array problems and algorithms,no,publisher metadata and paper examined
Certifying Algorithms,https://doi.org/10.1016/j.cosrev.2010.09.009,publisher/author rights; not redistributed,2026-09-11,Computer Science Review article,publisher metadata and author paper,citation and calibration only,certifying-algorithm constructor/checker principle,no,substantive full-text examination
Set Invariance in Control,https://doi.org/10.1016/S0005-1098(99)00113-2,publisher/author rights; not redistributed,2026-09-11,Automatica survey article,publisher metadata and author paper,citation and calibration only,set-invariance terminology and control boundary,no,substantive full-text examination
Control Barrier Function Based Quadratic Programs for Safety Critical Systems,https://doi.org/10.1109/TAC.2016.2638961,publisher/author rights; not redistributed,2026-09-11,IEEE control article,publisher metadata and author paper,citation and calibration only,control-barrier safety comparison,no,substantive full-text examination
SICOMP instructions for authors,https://epubs.siam.org/journal/sicomp/instructions-for-authors,SIAM website; not redistributed,2026-09-16,official rules,first-party page reopened,workflow only,"PDF/cover-letter submission, inline figures, originality, abstract and macro guidance",no,live checked 2026-09-16
SIAM journal author resources,https://epubs.siam.org/journal-authors,SIAM macro terms apply,2026-09-16,official template source,first-party page and attached macro header,build dependency only,review-mode SIAM macro family,no,live checked 2026-09-16
SIAM editorial policy on artificial intelligence,https://epubs.siam.org/artificial-intelligence,SIAM website; not redistributed,2026-09-16,official policy,"first-party policy, version 2.0 effective May 2026",workflow only,"human accountability, disclosure, reference/proof/code diligence",no,live checked 2026-09-16; human compliance not established
Asynchronous Distributed ADMM for Consensus Optimization,https://proceedings.mlr.press/v32/zhange14.html,author/PMLR rights; not redistributed,2026-09-12,PMLR conference paper,PMLR landing page and full paper,citation and calibration only,partial-barrier and bounded-delay asynchronous consensus ADMM; convergence focus,no,substantive full-text examination
Safe Dual Gradient Method for Network Utility Maximization Problems,https://doi.org/10.1109/CDC51059.2022.9992972,IEEE/author rights; not redistributed,2026-09-16,IEEE CDC paper,author preprint and publisher metadata,citation and calibration only,stage-wise feasible primal iterates for linear NUM via safety margins and directional dual updates,no,substantive full-text examination
Safe Pricing Mechanisms for Distributed Resource Allocation With Bandit Feedback,https://doi.org/10.1109/TCNS.2024.3372143,IEEE/author rights; not redistributed,2026-09-16,IEEE TCNS article,author preprint and publisher metadata,citation and calibration only,learning price responses with stage-wise network safety and regret under bandit feedback,no,substantive full-text examination
Safe Dynamic Pricing for Nonstationary Network Resource Allocation,https://proceedings.mlr.press/v242/turan24a.html,author/PMLR rights; not redistributed,2026-09-16,PMLR conference paper,official PMLR full paper and metadata,citation and calibration only,stage-wise safe pricing under gradual utility variation with dynamic-regret analysis,no,substantive full-text examination
A Safe First-Order Method for Pricing-Based Resource Allocation in Safety-Critical Networks,https://doi.org/10.1109/TCNS.2024.3488516,IEEE/author rights; not redistributed,2026-09-16,IEEE TCNS article,author preprint and publisher metadata,citation and calibration only,safe pricing for arbitrary convex compact feasible sets using shrinkage and response estimation,no,substantive full-text examination
Learning-NUM: Network Utility Maximization With Unknown Utility Functions and Queueing Delay,https://doi.org/10.1109/TNET.2022.3182890,IEEE/ACM/author rights; not redistributed,2026-09-16,IEEE/ACM Transactions on Networking article,author preprint and publisher metadata,citation and calibration only,"NUM with unknown utilities, queueing-delayed feedback, and regret via parallel instances",no,substantive full-text examination
