category,title,venue_year,full_text_basis,problem,proof_or_performance_spine,figure_table_role,non_subsumption_delta
same-venue,Faster and Simpler Algorithms for Multicommodity Flow and Other Fractional Packing Problems,SICOMP 2007,publisher record and full article/author copy examined,approximate fractional packing and multicommodity flow,multiplicative/length updates and approximation analysis,"algorithmic, few decorative visuals",optimizes a packing vector; no correlation-contract load envelope
same-venue,Approximating Fractional Packings and Coverings in O(1/epsilon) Iterations,SICOMP 2006,publisher full article/author copy examined,epsilon-optimal packing/covering,smooth convex approximation and shortest-path implementation,tables/derivations rather than data plots,"oracle/iteration theorem, not a fixed response-family worst load"
same-venue,Stateless Distributed Gradient Descent for Positive Linear Programs,SICOMP 2009,publisher/author full article examined,stateless distributed positive LP,exponential potential and feasibility-preserving multiplicative updates,"application examples, theorem-led",strong feasibility baseline; computes approximate LP solution
same-venue,On the Number of Iterations for Dantzig--Wolfe Optimization and Packing-Covering Approximation Algorithms,SICOMP 2015,publisher and author full text examined,iteration lower bounds for broad Lagrangian algorithms,discrepancy and mixed-strategy support lower bound,"theorem-led, no empirical plot dependence","lower-bounds iterations, not information loss"
same-venue,Improved Approximation Guarantees for Packing and Covering Integer Programs,SICOMP 1999,publisher record and author technical report examined,randomized rounding for packing/covering IPs,FKG correlation and pessimistic estimator,proof-led,different discrete optimization and correlation object
same-venue,A Linear-Time Algorithm for Finding Tree-Decompositions of Small Treewidth,SICOMP 1996,full article/author version examined,construct a bounded-treewidth decomposition,structural lemmas plus linear-time algorithm,decomposition examples,constructs decomposition; our checker assumes one
same-venue,Exact Algorithms for Treewidth and Minimum Fill-In,SICOMP 2008,publisher/full author version examined,exact exponential treewidth/minimum fill-in,minimal separators and potential maximal cliques,structural tables,"construction complexity, not separator-message semantics"
same-venue,Finding Branch-Decompositions and Rank-Decompositions,SICOMP 2008,publisher/full author version examined,FPT construction of rank/branch decompositions,matroid structure and dynamic programming,decomposition illustrations,constructs decompositions for different width notions
same-venue,A Single-Exponential Time 2-Approximation Algorithm for Treewidth,SICOMP 2023,arXiv full HTML/PDF examined,2-approximate treewidth faster than exact algorithms,incremental improvement of a decomposition,3 structural figures,different output and theorem; useful narrative model
same-venue,Fast FPT-Approximation of Branchwidth,SICOMP 2024,arXiv full HTML/PDF examined,2-approximate branchwidth/connectivity functions,refinement theorem plus data structures and applications,structural refinement figures and comparison table,construction theorem; no envelope certificate
same-venue,The All-or-Nothing Multicommodity Flow Problem,SICOMP 2013,publisher/author full text examined,select routable unit-demand pairs,flow relaxation and approximation/structure,network examples,"routing selection, not reciprocal uncertainty"
same-venue,Multicommodity Flows and Cuts in Polymatroidal Networks,SICOMP 2015,arXiv full HTML/PDF examined,flow-cut gaps under submodular node capacities,"Lovasz extension, reduction, and embeddings",network/model figures,different capacity model and outputs
same-venue,Near-Optimal Distributed Maximum Flow,SICOMP 2018,arXiv full paper examined,distributed approximate single-commodity max flow,low-stretch trees and congestion approximators,5 explanatory figures,"round complexity/routing, not stamped advice"
influential,Fast Approximation Algorithms for Fractional Packing and Covering Problems,Math. Oper. Res. 1995,full article examined,general packing/covering approximation,Lagrangian/potential framework,algorithmic tables,historical baseline only
influential,"Rate Control for Communication Networks: Shadow Prices, Proportional Fairness and Stability",JORS 1998,full article examined,shadow-price rate control,utility/duality and dynamics,network interpretation,inverse-price lineage
influential,"Optimization Flow Control, I: Basic Algorithm and Convergence",IEEE/ACM TON 1999,full article examined,distributed flow-control convergence,gradient projection and Lyapunov analysis,network simulations/plots,convergence does not imply every advice-generated command is feasible
influential,Understanding Vegas: A Duality Model,JACM 2002,author-hosted full PDF examined,utility interpretation of Vegas,equilibrium duality plus error/stability discussion,protocol/network interpretation,"supplies inverse-price equilibrium, not our safety envelope"
influential,Families of k-Independent Sets,Discrete Math. 1973,full article examined,extremal independent set systems,counting/probabilistic extremal argument,proof-only,background for logarithmic stamp threshold
adjacent,Totally Asynchronous Primal-Dual Convex Optimization in Blocks,IEEE TCNS 2023,full author version examined,totally asynchronous block primal-dual optimization,consistency assumptions and contraction,numerical illustration,"sufficient convergence comparator, no packing invariant"
adjacent,Running Primal-Dual Gradient Method for Time-Varying Nonconvex Problems,SICON 2022,full author version/publisher text examined,track a time-varying KKT trajectory,differential inclusion and tracking bounds,illustrative numerical result,"tracking theorem, not command safety"
adjacent,Maximum Shattering,J. Combin. Des. 2025,arXiv full HTML examined,maximize shattered coordinate subsets,column-frequency polynomial and constructions,extremal tables/examples,direct method precedent; reciprocal payoff and unequal weights remain distinct
supplementary-asynchrony,Distributed Asynchronous Computation of Fixed Points,Math. Program. 1983,author copy and publisher metadata examined,distributed asynchronous fixed-point computation,weighted-sup contraction and stale-read analysis,proof-led; no empirical evidence,convergence framework only; no reciprocal load or stamped information contract
supplementary-primal-dual,A Unified Framework for Primal-Dual Methods in Minimum Cost Network Flow Problems,Math. Program. 1985,author copy and publisher metadata examined,minimum-cost network-flow primal-dual optimization,epsilon-relaxation and feasible network updates,algorithm and proof led,feasibility precedent; different optimization object and no uncertainty envelope
supplementary-asynchrony,Delay-Robust Primal-Dual Dynamics for Distributed Optimization,IEEE Control Syst. Lett. 2026,arXiv full text and publisher metadata examined,primal-dual optimization with time-varying communication delays,auxiliary dynamics and stability argument,theory with numerical illustration,dynamic delay robustness; not per-command packing certification
supplementary-learning-augmented,The Primal-Dual Method for Learning Augmented Algorithms,Adv. Neural Inf. Process. Syst. 2020,arXiv and official proceedings paper examined,learning-augmented online optimization through primal-dual design,robustness/consistency competitive analysis,problem-specific performance bounds,competitive online algorithms; no shared-versus-stamped load envelope
foundational-complexity,Some Simplified NP-Complete Graph Problems,Theoret. Comput. Sci. 1976,publisher/author article examined,simplified NP-complete graph problems,polynomial reductions among graph decisions,proof-only,hardness source only; not an envelope or certificate algorithm
supplementary-combinatorics,Combinatorial Aspects of Covering Arrays,Le Matematiche 2004,journal full text examined,"covering-array definitions, bounds, and constructions",survey synthesis of combinatorial methods,tables of known bounds and constructions,background/saturation terminology; no reciprocal payoff theorem
supplementary-packing,Approximating Fractional Multicommodity Flow Independent of the Number of Commodities,SIAM Journal on Discrete Math. 2000,publisher/author article examined,fractional multicommodity flow independent of commodity count,approximation algorithm and congestion analysis,algorithmic theorem,constructs a flow; does not evaluate a fixed response family
supplementary-robustness,The Price of Robustness,Oper. Res. 2004,publisher/author article examined,budgeted robust linear optimization,tractable robust counterpart and price-of-robustness analysis,theory plus computational illustrations,common-scenario robust decision; different rowwise stamp quantifiers
supplementary-network-utility,A Duality Model of TCP and Queue Management Algorithms,IEEE/ACM Trans. Netw. 2003,author-hosted full text and publisher metadata examined,duality model of TCP and active queue management,equilibrium and stability interpretation,theory with protocol interpretation,price lineage; no adversarial stamp assignment
supplementary-network-utility,Layering as Optimization Decomposition: A Mathematical Theory of Network Architectures,Proc. IEEE 2007,author-hosted full text and publisher metadata examined,network architecture as optimization decomposition,layered decomposition principles and examples,tutorial figures and design examples,architectural context; no sharp reciprocal uncertainty ratio
supplementary-network-utility,A Tutorial on Decomposition Methods for Network Utility Maximization,IEEE J. Sel. Areas Commun. 2006,author-hosted full text and publisher metadata examined,decomposition methods for network utility maximization,dual/primal decomposition taxonomy,tutorial diagrams and formulas,derives distributed solvers; no command-safety envelope
foundational-asynchrony,Chaotic Relaxation,Linear Algebra Appl. 1969,publisher metadata and abstract examined,chaotic relaxation for linear systems,spectral/convergence conditions under irregular updates,proof-only,classical convergence source; no packing invariance
foundational-asynchrony,Distributed Asynchronous Deterministic and Stochastic Gradient Optimization Algorithms,IEEE Trans. Automat. Control 1986,author-hosted full text and publisher metadata examined,distributed asynchronous gradient optimization,deterministic/stochastic convergence under delay assumptions,proof-led,optimizer-state convergence; not stamped command safety
foundational-asynchrony,Parallel and Distributed Computation: Numerical Methods,Prentice-Hall 1989,official author book page and relevant chapters examined,parallel and distributed numerical computation,fixed-point and asynchronous convergence framework,monograph; examples and algorithms,general framework; no reciprocal-family sharp factor
supplementary-asynchrony,ARock: An Algorithmic Framework for Asynchronous Parallel Coordinate Updates,SIAM J. Sci. Comput. 2016,author-hosted full text and SIAM metadata examined,asynchronous parallel coordinate updates,nonexpansive fixed-point splitting with delay bounds,theory and numerical experiments,coordinate algorithm; no shared-realization feasibility certificate
supplementary-learning-augmented,Competitive Caching with Machine Learned Advice,Proc. 35th Int. Conf. Mach. Learn. 2018,official PMLR paper examined,online caching with learned advice,consistency/robustness competitive analysis,theory and experiments,competitive caching objective; not deterministic capacity reserve
supplementary-learning-augmented,Optimal Robustness-Consistency Trade-offs for Learning-Augmented Online Algorithms,Adv. Neural Inf. Process. Syst. 2020,official NeurIPS paper examined,optimal robustness-consistency tradeoffs,generic lower bounds and matching designs,proof-led across online problems,competitive ratio tradeoff; no per-command feasibility theorem
supplementary-learning-augmented,Online Metric Algorithms with Untrusted Predictions,Proc. 37th Int. Conf. Mach. Learn. 2020,official PMLR paper examined,metric online algorithms with untrusted predictions,robustification and consistency analysis,proof-led,metric online costs; no load-envelope certification
foundational-robustness,Robust Convex Optimization,Math. Oper. Res. 1998,publisher metadata and theorem-level text examined,robust convex optimization,tractability and robust counterpart theory,proof-led,one decision against common uncertainty; quantifiers differ
supplementary-adaptability,Finite Adaptability in Linear Optimization,IEEE Trans. Automat. Control 2010,author paper and publisher metadata examined,finite adaptability in uncertain linear optimization,partition/policy-menu approximation theory,proof and examples,selects one policy after one global scenario; quantifier order differs
supplementary-adaptability,K-Adaptability in Two-Stage Robust Binary Programming,Oper. Res. 2015,author paper and publisher metadata examined,K-adaptability in two-stage robust binary optimization,mixed-integer reformulations and bounds,theory plus computational results,global recourse policy selection; not rowwise stamp selection
foundational-positive-lp,A Parallel Approximation Algorithm for Positive Linear Programming,Proc. 25th ACM Symp. Theory Comput. 1993,ACM record and paper examined,parallel approximation for positive linear programs,randomized/parallel update analysis,algorithmic theorem,constructs approximate LP solution; no fixed reciprocal-response envelope
supplementary-positive-lp,Sequential and Parallel Algorithms for Mixed Packing and Covering,Proc. 42nd IEEE Symp. Found. Comput. Sci. 2001,IEEE record and author paper examined,sequential and parallel mixed packing/covering,multiplicative updates and approximation analysis,algorithmic theorem,positive-LP solver; not uncertainty-correlation certification
supplementary-positive-lp,Using Optimization to Break the Epsilon Barrier: A Faster and Simpler Width-Independent Algorithm for Solving Positive Linear Programs in Parallel,Proc. 26th ACM-SIAM Symp. Discrete Algorithms 2015,SIAM proceedings paper examined,width-independent positive-LP optimization,accelerated optimization and parallel complexity,algorithmic proof,optimization runtime result; no advice-version safety ratio
foundational-combinatorics,Vector Sets for Exhaustive Testing of Logic Circuits,IEEE Trans. Inform. Theory 1988,publisher metadata and theorem-level text examined,exhaustive test sets for logic circuits,qualitative-independence constructions and bounds,proof/construction led,supplies classical column family; reciprocal payoff is separate
supplementary-combinatorics,Problems and Algorithms for Covering Arrays,Discrete Math. 2004,author paper and publisher metadata examined,covering-array algorithms and open problems,constructive and computational methods,tables/algorithms,covering-array background; no load interpretation
supplementary-certification,Certifying Algorithms,Comput. Sci. Rev. 2011,author paper and publisher metadata examined,certifying algorithms and checkable witnesses,constructor/checker separation and examples,survey examples,methodological precedent; no separator certificate for this reciprocal objective
supplementary-control-safety,Set Invariance in Control,Automatica 1999,author paper and publisher metadata examined,positive invariance in control systems,invariant-set characterizations and synthesis survey,survey figures/examples,continuous/dynamic invariance; our result is discrete command ordering
supplementary-control-safety,Control Barrier Function Based Quadratic Programs for Safety Critical Systems,IEEE Trans. Automat. Control 2017,author paper and publisher metadata examined,control-barrier-function safety-critical control,barrier inequalities embedded in quadratic programs,theory and experiments,plant-dynamics safety framework; not a nonnegative packing transition
supplementary-asynchronous,Asynchronous Distributed ADMM for Consensus Optimization,ICML 2014,PMLR full paper examined,asynchronous consensus ADMM with stragglers,"partial barrier, bounded delay, and expected convergence-rate analysis","algorithms, theorem, and distributed experiments",convergence and wall-clock throughput for consensus ADMM; no stamped reciprocal-load envelope or commanded packing-safety theorem
closest-safe-pricing,Safe Dual Gradient Method for Network Utility Maximization Problems,CDC 2022,author preprint and publisher metadata examined,pricing-based linear NUM with hard safety constraints,"diminishing safety margin, sign-based dual steps, and static regret",algorithm and numerical examples,constructs a stage-wise safe price sequence; no stamped reciprocal-family reserve factors or certification complexity
closest-safe-pricing,Safe Pricing Mechanisms for Distributed Resource Allocation With Bandit Feedback,IEEE TCNS 2024,author full preprint and publisher metadata examined,learn price responses while satisfying hard network constraints,"safe exploration, response estimation, and high-probability regret",theory and demand-response simulations,learns an unknown response and designs prices; our input response family is declared and the question is version-mixing certification
closest-safe-pricing,Safe Dynamic Pricing for Nonstationary Network Resource Allocation,L4DC 2024,official PMLR full paper examined,safe pricing with gradually varying private utilities,"shrunk feasible sets, response estimation, stage-wise safety, and dynamic regret","algorithm, theorem, and simulations",handles temporal utility variation and regret; no exact M_r envelope or adverse row-to-version assignment
closest-safe-pricing,A Safe First-Order Method for Pricing-Based Resource Allocation in Safety-Critical Networks,IEEE TCNS 2025,author full preprint and publisher metadata examined,safe pricing for arbitrary convex compact feasible sets,projected gradient on a shrunk set plus local response estimation and static regret,"algorithm, convergence theorem, and numerical study",strongest direct stage-wise-feasibility baseline; it designs prices under unknown responses rather than evaluating a fixed correlated stamped family
closest-learning-delay,Learning-NUM: Network Utility Maximization With Unknown Utility Functions and Queueing Delay,IEEE/ACM TON 2022,author preprint and publisher metadata examined,learn unknown utilities from queueing-delayed feedback while allocating and scheduling,"gradient estimation, Max-Weight scheduling, parallel instances, and regret",theory plus three application scenarios and simulations,delayed utility observation and stochastic scheduling; no deterministic stamped uncertainty envelope or command-transition invariant
