slot,constant,vanishing,constant_bound,vanishing_bound
1,0.1,0.1,0.1,0.1
2,0.0443359375,0.0443359375,0.1,0.1
3,0.0443359375,0.0443359375,0.1,0.1
4,0.02841796875,0.02841796875,0.052001953125,0.052001953125
5,0.01748046875,0.01748046875,0.052001953125,0.052001953125
6,0.011083984375,0.011083984375,0.052001953125,0.052001953125
7,0.0072265625,0.0072265625,0.052001953125,0.052001953125
8,0.006494140625,0.006494140625,0.027159214019775,0.027159214019775
9,0.006494140625,0.006494140625,0.027159214019775,0.027159214019775
10,0.00400390625,0.00400390625,0.027159214019775,0.027159214019775
11,0.00234375,0.00234375,0.027159214019775,0.027159214019775
12,0.001806640625,0.0016845703125,0.014301155693829,0.014179085381329
13,0.00087890625,0.00087890625,0.014301155693829,0.014179085381329
14,0.00087890625,0.0007568359375,0.014301155693829,0.014179085381329
15,0.00087890625,0.0007568359375,0.014301155693829,0.014179085381329
16,0.000830078125,0.0007080078125,0.0076461059743451,0.0074608547383832
17,0.000341796875,0.00028076171875,0.0076461059743451,0.0074608547383832
18,0.000341796875,0.00028076171875,0.0076461059743451,0.0074608547383832
19,0.000341796875,0.00015869140625,0.0076461059743451,0.0074608547383832
20,0.000341796875,0.00015869140625,0.0042015978187528,0.0039226103626397
21,0.000341796875,0.00015869140625,0.0042015978187528,0.0039226103626397
22,0.000341796875,0.00015869140625,0.0042015978187528,0.0039226103626397
23,0.000341796875,9.765625e-05,0.0042015978187528,0.0039226103626397
24,0.000341796875,9.765625e-05,0.0024187957460342,0.0020912924728506
25,0.000341796875,3.662109375e-05,0.0024187957460342,0.0020912924728506
26,0.000341796875,3.662109375e-05,0.0024187957460342,0.0020912924728506
27,0.000341796875,3.662109375e-05,0.0024187957460342,0.0020912924728506
28,0.000341796875,3.662109375e-05,0.0014960563919904,0.0011129248150497
29,0.000341796875,3.662109375e-05,0.0014960563919904,0.0011129248150497
30,0.000341796875,3.662109375e-05,0.0014960563919904,0.0011129248150497
31,0.000341796875,3.662109375e-05,0.0014960563919904,0.0011129248150497
32,0.000341796875,3.662109375e-05,0.0010184666872606,0.00060654311716437
33,0.000341796875,2.13623046875e-05,0.0010184666872606,0.00060654311716437
34,0.000341796875,2.13623046875e-05,0.0010184666872606,0.00060654311716437
35,0.000341796875,2.13623046875e-05,0.0010184666872606,0.00060654311716437
36,0.000341796875,2.13623046875e-05,0.00077127670336732,0.00032919223837609
37,0.000341796875,2.13623046875e-05,0.00077127670336732,0.00032919223837609
38,0.000341796875,2.13623046875e-05,0.00077127670336732,0.00032919223837609
39,0.000341796875,2.13623046875e-05,0.00077127670336732,0.00032919223837609
40,0.000341796875,2.13623046875e-05,0.00064333657498504,0.00018564149056575
41,0.000341796875,1.373291015625e-05,0.00064333657498504,0.00018564149056575
42,0.000341796875,1.373291015625e-05,0.00064333657498504,0.00018564149056575
43,0.000341796875,6.103515625e-06,0.00064333657498504,0.00018564149056575
44,0.000341796875,6.103515625e-06,0.00057711756322468,0.00010371336914048
45,0.000341796875,6.103515625e-06,0.00057711756322468,0.00010371336914048
46,0.000341796875,6.103515625e-06,0.00057711756322468,0.00010371336914048
47,0.000341796875,6.103515625e-06,0.00057711756322468,0.00010371336914048
48,0.000341796875,6.103515625e-06,0.0005428440512784,6.130916566841e-05
49,0.000341796875,6.103515625e-06,0.0005428440512784,6.130916566841e-05
50,0.000341796875,2.288818359375e-06,0.0005428440512784,6.130916566841e-05
51,0.000341796875,2.288818359375e-06,0.0005428440512784,6.130916566841e-05
52,0.000341796875,2.288818359375e-06,0.00052510483122808,3.5546980277595e-05
53,0.000341796875,2.288818359375e-06,0.00052510483122808,3.5546980277595e-05
54,0.000341796875,2.288818359375e-06,0.00052510483122808,3.5546980277595e-05
55,0.000341796875,2.288818359375e-06,0.00052510483122808,3.5546980277595e-05
56,0.000341796875,2.288818359375e-06,0.00051592339897547,2.2213036667115e-05
57,0.000341796875,2.288818359375e-06,0.00051592339897547,2.2213036667115e-05
58,0.000341796875,2.288818359375e-06,0.00051592339897547,2.2213036667115e-05
59,0.000341796875,2.288818359375e-06,0.00051592339897547,2.2213036667115e-05
60,0.000341796875,2.288818359375e-06,0.00051117129048535,1.3404330501534e-05
61,0.000341796875,2.288818359375e-06,0.00051117129048535,1.3404330501534e-05
62,0.000341796875,2.288818359375e-06,0.00051117129048535,1.3404330501534e-05
63,0.000341796875,2.288818359375e-06,0.00051117129048535,1.3404330501534e-05
64,0.000341796875,2.288818359375e-06,0.00050871170308324,8.8451368806768e-06
