theta,K21,K22,K23,K24,K25,theta_exact,K21_exact,K22_exact,K23_exact,K24_exact,K25_exact
0,1,1,1,1,1,0,1,1,1,1,1
0.05,1.0513141426783,1.025641025641,1.0169491525424,1.0084033613445,1.0062893081761,1/20,840/799,40/39,60/59,120/119,160/159
0.1,1.105527638191,1.0526315789474,1.0344827586207,1.0169491525424,1.0126582278481,1/10,220/199,20/19,30/29,60/59,80/79
0.15,1.1630847029077,1.0810810810811,1.0526315789474,1.025641025641,1.0191082802548,3/20,920/791,40/37,20/19,40/39,160/157
0.2,1.2244897959184,1.1111111111111,1.0714285714286,1.0344827586207,1.025641025641,1/5,60/49,10/9,15/14,30/29,40/39
0.25,1.2903225806452,1.1428571428571,1.0909090909091,1.0434782608696,1.0322580645161,1/4,40/31,8/7,12/11,24/23,32/31
0.3,1.3612565445026,1.1764705882353,1.1111111111111,1.0526315789474,1.038961038961,3/10,260/191,20/17,10/9,20/19,80/77
0.35,1.4380825565912,1.2121212121212,1.1320754716981,1.0619469026549,1.0457516339869,7/20,1080/751,40/33,60/53,120/113,160/153
0.4,1.5217391304348,1.25,1.1538461538462,1.0714285714286,1.0526315789474,2/5,35/23,5/4,15/13,15/14,20/19
0.45,1.6133518776078,1.2903225806452,1.1764705882353,1.0810810810811,1.0596026490066,9/20,1160/719,40/31,20/17,40/37,160/151
0.5,1.7142857142857,1.3333333333333,1.2,1.0909090909091,1.0666666666667,1/2,12/7,4/3,6/5,12/11,16/15
0.55,1.8262150220913,1.3793103448276,1.2244897959184,1.1009174311927,1.0738255033557,11/20,1240/679,40/29,60/49,120/109,160/149
0.6,1.9512195121951,1.4285714285714,1.25,1.1111111111111,1.0810810810811,3/5,80/41,10/7,5/4,10/9,40/37
0.65,2.0919175911252,1.4814814814815,1.2765957446809,1.1214953271028,1.0884353741497,13/20,1320/631,40/27,60/47,120/107,160/147
0.7,2.2516556291391,1.5384615384615,1.304347826087,1.1320754716981,1.0958904109589,7/10,340/151,20/13,30/23,60/53,80/73
0.75,2.4347826086957,1.6,1.3333333333333,1.1428571428571,1.1034482758621,3/4,56/23,8/5,4/3,8/7,32/29
0.8,2.6470588235294,1.6666666666667,1.3636363636364,1.1538461538462,1.1111111111111,4/5,45/17,5/3,15/11,15/13,10/9
0.85,2.8962818003914,1.7391304347826,1.3953488372093,1.1650485436893,1.1188811188811,17/20,1480/511,40/23,60/43,120/103,160/143
0.9,3.1932773109244,1.8181818181818,1.4285714285714,1.1764705882353,1.1267605633803,9/10,380/119,20/11,10/7,20/17,80/71
0.95,3.5535307517084,1.9047619047619,1.4634146341463,1.1881188118812,1.1347517730496,19/20,1560/439,40/21,60/41,120/101,160/141
