k,theta,M1,R,ratio
1,1/4,32/15,8/3,5/4
1,1/2,8/3,4,3/2
1,3/4,32/7,8,7/4
2,1/4,62/15,16/3,40/31
2,1/2,14/3,8,12/7
2,3/4,46/7,16,56/23
3,1/4,17536/2145,32/3,715/548
3,1/2,928/105,16,105/58
3,3/4,384/35,32,35/12
4,1/4,5122/315,64/3,3360/2561
4,1/2,86/5,32,80/43
4,3/4,7654/385,64,12320/3827
5,1/4,8428032/260015,128/3,260015/197532
5,1/2,305024/9009,64,9009/4766
5,3/4,32803328/873103,128,873103/256276
6,1/4,194252/3003,256/3,64064/48563
6,1/2,2815/42,128,5376/2815
6,3/4,508/7,256,448/127
